{
  "hash": "8e764c86",
  "configHash": "49006c5e",
  "lockfileHash": "23226897",
  "browserHash": "5d63f60f",
  "optimized": {
    "@angular-architects/native-federation": {
      "src": "../../../../../../node_modules/@angular-architects/native-federation/src/index.js",
      "file": "@angular-architects_native-federation.js",
      "fileHash": "bc071ae1",
      "needsInterop": false
    },
    "socket.io-client": {
      "src": "../../../../../../node_modules/socket.io-client/build/esm/index.js",
      "file": "socket__io-client.js",
      "fileHash": "0a01410e",
      "needsInterop": false
    }
  },
  "chunks": {
    "chunk-EVSPGG2W": {
      "file": "chunk-EVSPGG2W.js"
    }
  }
}